"id","studyTime","priorClass","grade"
1,0.666666666666667,0,77
2,1,1,85
3,1.66666666666667,1,84
4,2,0,80
5,2,1,90
6,2.66666666666667,0,77
7,3.33333333333333,1,98
8,4,0,93
